s_agency_code, zip_code, state, city, address, longitude, latitude, arb_code, name
"001", "95642", "CA", "Jackson", "201 Clinton Rd", "-120.76443", "38.34261", "03614", "Jackson-Clinton Road"
"001", "95948", "CA", "Gridley", "608 Cowee Av", "-121.66881", "39.32756", "04636", "Gridley"
"001", "95249", "CA", "San Andreas", "501 Gold Strike Rd", "-120.68028", "38.20185", "05633", "San Andreas-Gold Strike Road"
"001", "95932", "CA", "Colusa", "100 Sunrise Blvd", "-121.99887", "39.18919", "06646", "Colusa-Sunrise Blvd"
"004", "94553", "CA", "Martinez", "521 Jones St", "-122.13446", "38.01285", "07434", "Martinez-Jones Street"
"004", "94525", "CA", "Crockett", "Kendall Av", "-122.23321", "38.05492", "07437", "Crockett-Kendall Avenue"
"004", "94518", "CA", "Concord", "2956-A Treat Blvd.", "-122.02620", "37.93600", "07448", "Concord"
"004", "94805", "CA", "Richmond", "7th St", "-122.36485", "37.94816", "07441", "Richmond-7th Street"
"004", "94511", "CA", "Bethel Island", "5551 Bethel Island Rd", "-121.64191", "38.00630", "07442", "Bethel Island Road"
"001", "95667", "CA", "Placerville", "3111 Gold Nugget Way", "-120.82192", "38.72528", "09690", "Placerville-Gold Nugget Way"
"001", "96150", "CA", "South Lake Tahoe", "3337 Sandy Way", "-119.97061", "38.94498", "09691", "South Lake Tahoe-Sandy Way"
"001", "95614", "CA", "Cool", "1400 American River Trail", "-121.00337", "38.89094", "09693", "Cool (seasonal)"
"001", "95721", "CA", "Little Norway", "21200 US Hwy 50", "-120.03308", "38.81161", "09695", "Echo Summit (seasonal)"
"069", "93726", "CA", "Fresno", "1716 S. Winery Ave", "-119.73249", "36.72622", "10025", "Fresno - Pacific"
"069", "93648", "CA", "Parlier", "9240 S. Riverbend Av", "-119.50369", "36.59744", "10230", "Parlier"
"069", "93725", "CA", "Fresno", "4706 E. Drummond Ave", "-119.74139", "36.70556", "10244", "Fresno - Drummond"
"069", "93722", "CA", "Fresno", "4508 Chennault Ave", "-119.87444", "36.84155", "10245", "Fresno - Skypark"
"069", "93612", "CA", "Clovis", "908 N. Villa Av", "-119.71639", "36.81931", "10248", "Clovis-N Villa Avenue"
"009", "92243", "CA", "El Centro", "150 9th St", "-115.56299", "32.79215", "13694", "El Centro-9th Street"
"009", "92281", "CA", "Westmorland", "570 Cook St.", "-115.62362", "33.03239", "13697", "Westmorland"
"001", "92231", "CA", "Calexico", "1029 Belcher St", "-115.48307", "32.67618", "13698", "Calexico-Ethel Street"
"009", "92257", "CA", "Niland", "7711 English Road", "-115.54514", "33.21349", "13997", "Niland-English Road"
"815", "92328", "CA", "Death Valley", "Death Valley (near Furnace Creek)", "-116.84767", "36.50881", "14151", "Death Valley Natl Monument"
"022", "93549", "CA", "Coso Junction", "Highway 395 Rest Area", "-117.94399", "36.04945", "14696", "Coso Junction - Hwy. 395"
"022", "93545", "CA", "Lone Pine", "501 E. Locust Street", "-118.05783", "36.60897", "14699", "Lone Pine-E Locust Street"
"022", "93549", "CA", "Coso Junction", "Coso Gate", "-117.86148", "36.05728", "14724", "Coso Junction - Gate"
"022", "93530", "CA", "Keeler", "190 Cerro Gordo Rd", "-117.87104", "36.48785", "14728", "Keeler-Cerro Gordo Road"
"022", "93549", "CA", "Olancha", "131 Walker Creek Rd", "-117.99298", "36.26756", "14729", "Olancha-Walker Creek"
"022", "93549", "CA", "Coso Junction", "Dirty Socks Pool Hwy 190", "-117.95509", "36.32613", "14022", "Dirty Socks"
"001", "93320", "CA", "Edison", "Johnson Farm-Shed Rd", "-118.85183", "35.34561", "15242", "Edison"
"001", "93308", "CA", "Oildale", "3311 Manor St", "-119.01679", "35.43804", "15243", "Oildale"
"069", "93352", "CA", "Maricopa", "755 Stanislaus Street", "-119.40263", "35.05156", "15246", "Maricopa"
"001", "93263", "CA", "Shafter", "578 Walker St", "-119.27264", "35.50349", "15248", "Shafter"
"001", "93501", "CA", "Mojave", "923 Poole St", "-118.14778", "35.05045", "15252", "Mojave"
"001", "93309", "CA", "Bakersfield", "5558 California Ave", "-119.06261", "35.35662", "15255", "Bakersfield-California Avenue"
"069", "93301", "CA", "Bakersfield", "2820 M Street", "-119.01500", "35.38562", "15256", "Bakersfield-Golden"
"001", "93307", "CA", "Bakersfield", "401 E. Planz Rd.", "-118.99763", "35.32464", "15258", "Bakersfield - Airport"
"024", "93555", "CA", "Ridgecrest", "100 W California Av", "-117.67296", "35.62109", "15300", "Ridgecrest - California Av"
"069", "93230", "CA", "Hanford", "807 S Irwin St", "-119.64323", "36.31572", "16716", "Hanford-S Irwin Street"
"069", "93212", "CA", "Corcoran", "1520 Patterson Av", "-119.56564", "36.10220", "16719", "Corcoran-Patterson Avenue"
"026", "95463", "CA", "Lakeport", "905 Lakeport Blvd", "-122.92229", "39.03270", "17713", "Lakeport-Lakeport Blvd"
"026", "95426", "CA", "Cobb", "9302 Fox Dr", "-122.73620", "38.85022", "17725", "Hobergs-Pine Summit"
"026", "95426", "CA", "Cobb", "High Valley Road", "-122.75797", "38.84846", "17728", "Glenbrook"
"069", "93637", "CA", "Madera", "Av 8 and Road 29 1/2", "-120.01011", "36.86719", "20211", "Madera - Pump Yard"
"004", "94901", "CA", "San Rafael", "534 4th St", "-122.52011", "37.97230", "21451", "San Rafael"
"001", "95389", "CA", "Yosemite National Park", "Visitors Center, Yosemite Village", "-119.58709", "37.74871", "22742", "Yosemite Village - Visitor Center"
"001", "95338", "CA", "Mariposa", "6440 Jerseydale", "-119.83957", "37.54377", "22744", "Jerseydale"
"815", "95389", "CA", "Yosemite National Park", "Turtleback Dome", "-119.70624", "37.71314", "22746", "Yosemite Natl Park-Turtleback"
"029", "95482", "CA", "Ukiah", "105 N. Main St", "-123.20655", "39.15047", "23764", "Ukiah - Library"
"029", "95482", "CA", "Ukiah", "306 E. Gobbi St", "-123.20298", "39.14566", "23769", "Ukiah - Gobbi Street"
"069", "95340", "CA", "Merced", "2334 M Street", "-120.48047", "37.30833", "24510", "Merced M Street"
"069", "95340", "CA", "Merced", "385 S. Coffee St.", "-120.43368", "37.28177", "24528", "Merced - Coffee Road"
"022", "93541", "CA", "Lee Vining", "Simis Hwy 395", "-119.12026", "37.95968", "26779", "Lee Vining-SMS"
"022", "93546", "CA", "Mammoth Lakes", "Hwy 203 and Old Mammoth Rd", "-118.96651", "37.64571", "26785", "Mammoth Lakes-Gateway HC"
"011", "93924", "CA", "Carmel Valley", "34 Ford Rd", "-121.73333", "36.48187", "27550", "Carmel Valley-Ford Road"
"011", "93901", "CA", "Salinas", "855 E Laurel Dr", "-121.62327", "36.69426", "27554", "Salinas #3"
"004", "94558", "CA", "Napa", "2552 Jefferson Av", "-122.29616", "38.31097", "28783", "Napa-Jefferson Avenue"
"051", "96161", "CA", "Truckee", "10049 Donner Pass Rd", "-120.18459", "39.32782", "29794", "Truckee - Fire Station"
"051", "95945", "CA", "Grass Valley", "200 Litton Dr., Suite 230", "-121.05567", "39.23352", "29800", "Grass Valley-Litton Building"
"001", "95959", "CA", "Nevada City", "26533 CA State Hwy 20", "-120.84527", "39.31779", "29802", "White Cloud (seasonal)"
"061", "92691", "CA", "Mission Viejo", "26081 Via Pera", "-117.67588", "33.63005", "30002", "Mission Viejo"
"061", "90631", "CA", "La Habra", "621 W. Lambert", "-117.95259", "33.92505", "30177", "La Habra"
"061", "92626", "CA", "Costa Mesa", "2850 Mesa Verde Dr East", "-117.92560", "33.67458", "30195", "Costa Mesa-Mesa Verde Drive"
"033", "95713", "CA", "Colfax", "33 S. Main St", "-120.95391", "39.09979", "31818", "Colfax-City Hall"
"001", "95661", "CA", "Roseville", "151 N Sunrise Ave", "-121.26498", "38.74643", "31822", "Roseville-N Sunrise Ave"
"051", "95971", "CA", "Quincy", "267 N Church Street", "-120.94438", "39.93957", "32821", "Quincy-N Church Street"
"051", "96020", "CA", "Chester", "222 1st Av", "-121.22785", "40.30965", "32823", "Chester"
"061", "92262", "CA", "Palm Springs", "590 E Racquet Club Av", "-116.54099", "33.85262", "33137", "Palm Springs-Fire Station"
"061", "92509", "CA", "Riverside", "5888 Mission Bl", "-117.41595", "33.99952", "33144", "Rubidoux - Mission Blvd"
"061", "92570", "CA", "Perris", "237 1/2 N. D St.", "-117.22764", "33.78933", "33149", "Perris"
"061", "92201", "CA", "Indio", "46990 Jackson St", "-116.21540", "33.70857", "33157", "Indio-Jackson Street"
"061", "92530", "CA", "Lake Elsinore", "506 W Flint Street", "-117.33104", "33.67653", "33158", "Lake Elsinore-W Flint Street"
"061", "92220", "CA", "Banning", "200 S. Hathaway St", "-116.85841", "33.92077", "33164", "Banning-Airport"
"013", "95817", "CA", "Sacramento", "2221 Stockton Bl", "-121.45848", "38.55630", "34277", "Sacramento-Health Dept"
"013", "95660", "CA", "North Highlands", "7823 Blackfoot Way", "-121.38108", "38.71209", "34294", "North Highlands-Blackfoot Way"
"013", "95821", "CA", "Sacramento", "2701 Avalon Dr.", "-121.36801", "38.61374", "34295", "Sacramento-Del Paso Manor"
"001", "95814", "CA", "Sacramento", "1309 T Street", "-121.49311", "38.56844", "34305", "Sacramento - 1309 T Street"
"013", "95758", "CA", "Elk Grove", "12490 Bruceville Road", "-121.42083", "38.30256", "34310", "Elk Grove - Bruceville Road"
"013", "95630", "CA", "Folsom", "50 Natoma St", "-121.16444", "38.68329", "34311", "Folsom-Natoma Street"
"013", "95683", "CA", "Sloughhouse", "7520 Sloughhouse Rd", "-121.21115", "38.49444", "34312", "Sloughhouse"
"011", "95023", "CA", "Hollister", "1979 Fairview Rd", "-121.36210", "36.84343", "35823", "Hollister-Fairview Road"
"815", "95043", "CA", "Paicines", "5000 Hwy 146", "-121.15682", "36.48329", "35824", "Pinnacles National Monument"
"061", "92314", "CA", "Big Bear City", "501 Valley Bl", "-116.86147", "34.26464", "36001", "Big Bear"
"815", "92252", "CA", "Joshua Tree NP", "Black Rock", "-116.38893", "34.06959", "36152", "Joshua Tree National Monument"
"014", "92311", "CA", "Barstow", "1301 W. Mountain View St.", "-117.02471", "34.89405", "36155", "Barstow"
"061", "91786", "CA", "Upland", "1350 San Bernardino Rd", "-117.62906", "34.10367", "36175", "Upland"
"061", "92325", "CA", "Crestline", "24171 Lake Dr", "-117.27230", "34.24313", "36181", "Lake Gregory (Crestline)"
"061", "92335", "CA", "Fontana", "14360 Arrow Highway", "-117.49198", "34.10015", "36197", "Fontana-Arrow Highway"
"014", "92340", "CA", "Hesperia", "17288 Olive St", "-117.28559", "34.41650", "36201", "Hesperia-Olive Street"
"061", "92410", "CA", "San Bernardino", "24302 E. 4th St", "-117.27408", "34.10669", "36203", "San Bernardino"
"061", "92374", "CA", "Redlands", "500 N. Dearborn", "-117.14734", "34.05965", "36204", "Redlands"
"014", "92371", "CA", "Phelan", "Beekley and Phelan Rd", "-117.58982", "34.42505", "36207", "Phelan-Beekley Road & Phelan R"
"014", "92356", "CA", "Lucerne Valley", "8560 Aliento Rd", "-116.90687", "34.41008", "36208", "Lucerne Valley - Middle School"
"014", "93562", "CA", "Trona", "Telescope & Athol", "-117.37210", "35.77446", "36220", "Trona - Athol/Telescope #2"
"001", "95205", "CA", "Stockton", "1593 E Hazelton St", "-121.26897", "37.95075", "39252", "Stockton-Hazelton"
"035", "93422", "CA", "Morro Bay", "899 Morro Bay Bl", "-120.84260", "35.36639", "40833", "Morro Bay"
"035", "93433", "CA", "Grover Beach", "9 Le Sage Dr", "-120.63218", "35.12390", "40844", "Grover Beach-Lesage Drive"
"035", "93444", "CA", "Nipomo", "1300 Guadalupe Road", "-120.56389", "35.02079", "40849", "Nipomo-Guadalupe Road"
"001", "93446", "CA", "Paso Robles", "235 Santa Fe Av", "-120.65691", "35.61467", "40850", "Paso Robles"
"035", "93444", "CA", "Nipomo", "W. Tefft St & Pomeroy Rd", "-120.50101", "35.03150", "40852", "Nipomo - Regional Park"
"004", "94063", "CA", "Redwood City", "897 Barron Av", "-122.20348", "37.48293", "41541", "Redwood City"
"017", "", "CA", "Capitan", "Calle Real & State Hwy 1", "-120.04496", "34.46456", "42037", "Las Flores Canyon-Odor site"
"017", "93436", "CA", "Lompoc", "3602 Harris Grade Rd", "-120.43280", "34.71902", "42098", "Lompoc-Odor"
"017", "93117", "CA", "Capitan", "Calle Real & State Hwy 1", "-120.04690", "34.48976", "42101", "Las Flores Canyon #1"
"017", "93460", "CA", "Santa Ynez", "900 Airport Rd", "-120.07507", "34.60582", "42369", "Santa Ynez"
"017", "93117", "CA", "El Capitan State Beach", "US Hwy 101", "-120.02547", "34.46248", "42370", "El Capitan Beach"
"017", "93436", "CA", "Lompoc", "128 S. H Street", "-120.45750", "34.63782", "42381", "Lompoc-South H Street"
"001", "93454", "CA", "Santa Maria", "906 S. Broadway", "-120.43561", "34.94287", "42408", "Santa Maria - South Broadway"
"017", "", "CA", "Vandenburg AFB", "STS Power Plant", "-120.63129", "34.59593", "42390", "Vandenberg Air Force Base-STS"
"017", "93436", "CA", "Lompoc", "HS & P Facility", "-120.42872", "34.72534", "42394", "Lompoc-HS&P"
"017", "93105", "CA", "Los Padres National Forest", "Paradise Road", "-119.79152", "34.54170", "42395", "Los Padres National Forest"
"017", "93117", "CA", "Gaviota", "US Hwy 101 & Nojoqui Pass", "-120.19666", "34.52745", "42399", "Gaviota - Nojoqui"
"017", "93117", "CA", "Goleta", "Exxon #10", "-119.87965", "34.41495", "42401", "Santa Barbara - UCSB Campus"
"017", "93013", "CA", "Carpinteria", "Gobernador Road", "-119.45791", "34.40305", "42402", "Carpinteria-Gobernador Road"
"017", "93117", "CA", "Goleta", "380 N. Fairview Av", "-119.82845", "34.44551", "42404", "Goleta-Fairview"
"004", "95030", "CA", "Los Gatos", "306 University Av", "-121.97969", "37.22687", "43380", "Los Gatos"
"004", "95020", "CA", "Gilroy", "9th and Princevalle", "-121.57466", "36.99958", "43389", "Gilroy-9th Street"
"004", "95046", "CA", "San Martin", "13030 Murphy Av", "-121.60004", "37.07939", "43393", "San Martin"
"011", "95062", "CA", "Santa Cruz", "960 Bostwick Lane", "-121.98822", "36.98332", "44200", "Santa Cruz AMS"
"037", "96001", "CA", "Redding", "2630 Breslauer Way", "-122.38092", "40.55013", "45555", "Redding - Health Department"
"815", "96071", "CA", "Lassen Volcanic National Park", "West Entrance", "-121.57646", "40.53996", "45566", "Lassen Volcanic National Park"
"037", "96007", "CA", "Anderson", "2220 North St", "-122.29883", "40.45318", "45567", "Anderson-North Street"
"038", "96097", "CA", "Yreka", "530 S. Foothill Dr.", "-122.63359", "41.72679", "47861", "Yreka"
"004", "94590", "CA", "Vallejo", "304 Tuolumne St", "-122.23800", "38.10251", "48879", "Vallejo"
"020", "95688", "CA", "Vacaville", "650 Merchant St", "-121.99410", "38.35140", "48881", "Vacaville-Merchant Street"
"032", "95425", "CA", "Cloverdale", "100 S. Washington St", "-123.01820", "38.80423", "49886", "Cloverdale"
"032", "95446", "CA", "Guerneville", "16255 1st Street", "-122.99819", "38.50107", "49895", "Guerneville-Church and 1st"
"032", "95448", "CA", "Healdsburg", "133 Matheson St", "-122.86878", "38.61090", "49898", "Healdsburg - Matheson"
"032", "95448", "CA", "Healdsburg", "200 Heidelberg Way", "-122.90187", "38.65407", "49899", "Healdsburg-Municipal Airport"
"001", "95354", "CA", "Modesto", "814 14th Street", "-120.99421", "37.64217", "50568", "Modesto-14th Street"
"069", "95380", "CA", "Turlock", "1034 S Minaret St", "-120.83592", "37.48822", "50573", "Turlock-S Minaret Street"
"001", "95991", "CA", "Yuba City", "773 Almond St", "-121.61872", "39.13876", "51898", "Yuba City"
"001", "", "CA", "Sutter Buttes", "Top of South Butte", "-121.82046", "39.20556", "51899", "Sutter Buttes (seasonal)"
"001", "", "CA", "Tuscan Butte", "Fire Lookout Atop Tuscan Butte", "-122.09265", "40.26207", "52910", "Tuscan Butte (seasonal)"
"050", "96093", "CA", "Weaverville", "Court & Church Sts", "-122.94117", "40.73475", "53915", "Weaverville"
"815", "", "CA", "Sequoia National Park", "Ash Mountain", "-118.82914", "36.48943", "54009", "Sequoia National Park-Ash Mountain"
"815", "", "CA", "Sequoia National Park", "Lower Kaweah Campground", "-118.77770", "36.56613", "54036", "Sequoia National Park-Lower Kaweah"
"001", "93291", "CA", "Visalia", "310 N. Church St", "-119.29095", "36.33252", "54568", "Visalia"
"001", "95370", "CA", "Sonora", "251 S. Barretta St", "-120.37855", "37.98178", "55930", "Sonora - Barretta Street"
"019", "93023", "CA", "Ojai", "1201 E. Ojai Av", "-119.23131", "34.44804", "56172", "Ojai - East Ojai Av"
"019", "93063", "CA", "Simi Valley", "5400 Cochran St", "-118.68375", "34.27640", "56434", "Simi Valley - Cochran Street"
"019", "91360", "CA", "Thousand Oaks", "2323 Moorpark Rd", "-118.87050", "34.21014", "56435", "Thousand Oaks-Moorpark Road"
"019", "93030", "CA", "El Rio", "545 Central Av", "-119.14318", "34.25238", "56436", "El Rio-Rio Mesa School #2"
"019", "93063", "CA", "Simi Valley", "2801 Madera Rd", "-118.79761", "34.29124", "56437", "Simi Valley - Upper Air"
"020", "95691", "CA", "West Sacramento", "132 W. 15th St", "-121.52579", "38.57146", "57570", "West Sacramento-15th Street"
"001", "95616", "CA", "Davis", "Campbell Rd", "-121.77340", "38.53455", "57577", "Davis-UCD Campus"
"020", "95776", "CA", "Woodland", "41929 E Gibson Rd", "-121.73269", "38.66121", "57582", "Woodland-Gibson Road"
"004", "94542", "CA", "Hayward", "3466 La Mesa Dr", "-122.03155", "37.65446", "60337", "Hayward"
"061", "91702", "CA", "Azusa", "803 N. Loren Av", "-117.92392", "34.13648", "70060", "Azusa"
"061", "90807", "CA", "Long Beach", "3648 N. Long Beach Bl", "-118.18916", "33.82376", "70072", "North Long Beach (Long Beach)"
"061", "91702", "CA", "Reseda", "18330 Gault St", "-118.53275", "34.19920", "70074", "Reseda"
"061", "91767", "CA", "Pomona", "924 N. Garey Av", "-117.75138", "34.06698", "70075", "Pomona"
"061", "90012", "CA", "Los Angeles", "1630 North Main Street", "-118.22676", "34.06653", "70087", "Los Angeles-North Main Street"
"061", "91702", "CA", "Pasadena", "752 S Wilson Av", "-118.12714", "34.13265", "70088", "Pasadena"
"061", "90025", "CA", "Los Angeles", "Wilshire Bl & Sawtelle", "-118.45640", "34.05109", "70091", "Los Angeles - VA Hospital"
"061", "91741", "CA", "Glendora", "840 Laurel Av", "-117.85038", "34.14437", "70591", "Glendora-Laurel"
"036", "91910", "CA", "Chula Vista", "80 E. J St.", "-117.05905", "32.63123", "80114", "Chula Vista"
"036", "91901", "CA", "Alpine", "2505 W. Victoria Dr", "-116.76784", "32.84231", "80128", "Alpine-Victoria Drive"
"036", "92014", "CA", "Del Mar", "215 9th St", "-117.26407", "32.95208", "80133", "Del Mar - Winston School"
"036", "92019", "CA", "Camp Pendleton", "21441 West B St", "-117.39616", "33.21701", "80198", "Camp Pendleton"
"004", "94107", "CA", "San Francisco", "10 Arkansas St", "-122.39902", "37.76595", "90306", "San Francisco-Arkansas Street"
"001", "95969", "CA", "Paradise", "4405 Airport Rd", "-121.61731", "39.70845", "04638", "Paradise - Airport"
"061", "92860", "CA", "Norco", "USNFAC Norco", "-117.57244", "33.92145", "33155", "Norco"
"004", "94550", "CA", "Livermore", "793 Rincon Ave", "-121.78420", "37.68750", "60344", "Livermore - Rincon"
"022", "93541", "CA", "Mono Lake", "Mono Lake - North Shore", "-118.94774", "38.06971", "26011", "Mono Lake - North Shore"
"014", "92392", "CA", "Victorville", "14306 Park Av", "-117.32555", "34.51096", "36306", "Victorville - Park Avenue"
"035", "", "CA", "San Luis Obispo", "3601 Gillis Canyon Road", "-120.23134", "35.64366", "40999", "Red Hills"
"061", "91321", "CA", "Santa Clarita", "22224 Placerita Canyon", "-118.52839", "34.38337", "70090", "Santa Clarita-Placerita"
"019", "", "CA", "Piru", "Pacific Av", "-118.80991", "34.40426", "56450", "Piru - Pacific"
"022", "", "CA", "Olancha", "North of 190", "-117.89758", "36.36632", "14025", "Shell Cut"
"022", "", "CA", "Olancha", "North of 190", "-117.83672", "36.41996", "14024", "Flat Rock"
"069", "93227", "CA", "Visalia", "Visalia Municipal Airport", "-119.39301", "36.31411", "54000", "Visalia - Airport"
"004", "", "CA", "Richmond", "140 W Richmond Ave", "-122.38554", "37.92617", "07432", "Richmond-Point Richmond"
"071", "93535", "CA", "Lancaster", "43301 Division St", "-118.13068", "34.66959", "70301", "Lancaster-Division Street"
"004", "95112", "CA", "San Jose", "158 E Jackson St", "-121.89494", "37.34849", "43383", "San Jose - Jackson St"
"004", "94585", "CA", "Fairfield", "1010 Chadbourne Rd.", "-122.07566", "38.22709", "48880", "Fairfield-Chadbourne"
"004", "94806", "CA", "San Pablo", "1865 Rumrill Blvd", "-122.35685", "37.96040", "07447", "San Pablo-Rumrill"
"004", "94965", "CA", "National Park Service", "Ft. Cronkhite Bldg. 1049", "-122.53361", "37.83361", "21454", "Fort Cronkhite"
"004", "94572", "CA", "Rodeo", "326 Third St", "-122.27031", "38.03435", "07446", "Rodeo-Third St"
"061", "92802", "CA", "Anaheim", "1630 Pampas Ln", "-117.93850", "33.83061", "30178", "Anaheim-Loara School"
"001", "93103", "CA", "Santa Barbara", "700 E. Canon Perdido", "-119.69091", "34.42775", "42409", "Santa Barbara-National Guard Armory"
"020", "95687", "CA", "Vacaville", "2012 Ulatis Drive", "-121.94986", "38.35655", "48884", "Vacaville-Ulatis Drive"
"061", "90806", "CA", "Long Beach", "1305 E. Pacific Coast Hwy", "-118.17525", "33.79240", "70110", "South Long Beach"
"037", "96019", "CA", "Shasta Lake", "4066 La Mesa Ave", "-122.37429", "40.67707", "47873", "Shasta Lake-La Mesa"
"001", "92225", "CA", "Blythe", "445 W Murphy St", "-114.60209", "33.61235", "33201", "Blythe-Murphy Street"
"009", "92227", "CA", "Brawley", "220 Main St.", "-115.53904", "32.97831", "13701", "Brawley-Main Street #2"
"022", "93545", "CA", "Olancha", "One mile east of 395, north of Olancha", "-118.01079", "36.36194", "14730", "Owens Lake-Ash Point-Stanley"
"061", "90045", "CA", "Los Angeles", "7201 W Westchester Parkway", "-118.43049", "33.95507", "70111", "Los Angeles - LAX"
"061", "90221", "CA", "Compton", "700 North Bullis Rd", "-118.20499", "33.90145", "70112", "Compton "
"022", "93545", "CA", "Lone Pine", "Sewer Ponds East of Locust St.", "-118.04765", "36.60753", "14700", "Lone Pine Sewer Ponds"
"036", "92112", "CA", "San Diego", "1110A Beardsley St", "-117.14962", "32.70148", "80142", "San Diego - Beardsley"
"069", "95376", "CA", "Tracy", "5749 S. Tracy Blvd.", "-121.44238", "37.68268", "39271", "Tracy - Airport"
"061", "", "CA", "Pico Rivera", "4144 San Gabriel River Pkwy.", "-118.06850", "34.01029", "70185", "Pico Rivera #2"
"061", "", "CA", "Mira Loma", "5130 Poinsetta Place", "-117.49240", "33.99636", "33165", "Mira Loma-Van Buren"
"035", "", "CA", "", "9640 Carrizo Highway", "-120.04013", "35.35474", "40990", "Carrizo Plains"
"013", "95827", "CA", "Sacramento", "3847 Branch Center Rd.", "-121.33659", "38.55129", "34284", "Sacramento-Branch Center #2"
"001", "93405", "CA", "San Luis Obispo", "3220 South Higuera Street, Suite 330", "-120.66930", "35.25651", "40836", "San Luis Obispo-Higuera Street"
"050", "", "CA", "Eureka", "717 South  Ave.", "-124.17949", "40.77678", "12505", "Eureka - Jacobs Ave."
"001", "", "CA", "Willows", "720 N. Colusa St.", "-122.19083", "39.53387", "11676", "Willows-Colusa"
"022", "93514", "CA", "Bishop", "3000 East Line Street", "-118.33080", "37.36075", "14732", "White Mountain Research Station"
"004", "94603", "CA", "Oakland", "9925 International Blvd.", "-122.16994", "37.74306", "60347", "Oakland - East"
"061", "92596", "CA", "Winchester", "33700 Borel Road", "-117.08333", "33.58333", "33031", "Temecula - Lake Skinner"
"013", "95834", "CA", "", "68 Goldenland Ct.", "-121.50660", "38.65069", "34315", "Sacramento-Goldenland"
"011", "93930", "CA", "King City", "415 Pearl St.", "-121.12596", "36.20902", "27555", "King City - Pearl"
"022", "93545", "CA", "", "NE Shoreline Owens Lake", "-117.94180", "36.54312", "14733", "Lizard Tail"
"001", "93203", "CA", "Arvin", "19405 Buena Vista Blvd", "-118.78863", "35.23918", "15249", "Arvin - Di Giorgio"
"", "92254", "CA", "Mecca", "Lincoln Ave. & 73rd Ave.", "-116.07538", "33.51831", "33601", "Torres - Martinez"
"", "92254", "CA", "North Shore", "100-225 State Park Rd.", "-115.91954", "33.50896", "33602", "Salton Sea Park"
"", "92257", "CA", "Bombay Beach", "A St. & 3rd St.", "-115.73419", "33.35264", "13601", "Bombay Beach"
"", "92233", "CA", "Calipatria", "906 W Sinclair Rd.", "-115.62310", "33.17638", "13602", "Sonny Bono"
"", "", "CA", "", "", "-115.85593", "33.16923", "13603", "Naval Test Base"
"", "92275", "CA", "Salton City", "N/A", "-115.90062", "33.27275", "13604", "Salton City"
"036", "92179", "CA", "San Diego", "480 Alta Road", "-116.92135", "32.57816", "80140", "Otay Mesa - Donovan Correctional Facility"
"069", "93234", "CA", "Huron", "16875 4th Street", "-120.10117", "36.19865", "10247", "Huron - 4th Street"
"069", "93257", "CA", "Porterville", "1839 South Newcomb Street", "-119.05505", "36.03179", "10243", "Porterville"
"069", "93668", "CA", "Tranquility", "32650 West Adams Avenue", "-120.38234", "36.63424", "10242", "Tranquility"
"069", "91350", "CA", "Lebec", "Bear Trap Rd.", "-118.86058", "34.84155", "10240", "Lebec"
"069", "93638", "CA", "Madera", "28261 Ave. 14", "-120.03419", "36.95326", "10241", "Madera City"
"024", "93255", "CA", "Canebrake", "3147 Highway 178", "-118.13770", "35.72775", "15310", "Canebrake"
"035", "93420", "CA", "Arroyo Grande", "2391 Willow Road", "-120.58777", "35.04676", "40853", "CDF - Arroyo Grande"
"029", "95490", "CA", "Willits", "125 E. Commercial St.", "-123.35264", "39.41174", "23754", "Willits - Justice Center"
"021", "95966", "CA", "Paradise", "6701 Clark Rd", "-121.59135", "39.77919", "04633", "Paradise - Theater"
"004", "94607", "CA", "Oakland", "1100 21st Street", "-122.28236", "37.81480", "60349", "Oakland - West"
"022", "93549", "CA", "Dolomite", "North Beach Owens Lake", "-117.99009", "36.54226", "14727", "North Beach Owens Lake"
"036", "92145", "CA", "San Diego", "6125A Kearny Villa Road", "-117.12389", "32.84547", "80136", "San Diego - Kearny Villa Road"
"037", "96019", "CA", "Shasta Lake", "13791 Lake Blvd.", "-122.40226", "40.68908", "47875", "Shasta Lake - Lake Blvd"
"050", "95503", "CA", "Eureka", "7333 Humboldt Hill Rd", "-124.20149", "40.71527", "12507", "Eureka - Humboldt Hill"
"069", "95337", "CA", "Manteca", "530 Fishback Rd.", "-121.24779", "37.79338", "24531", "Manteca AMS"
"022", "93514", "CA", "Keeler", "ENE Shoreline at Owens Lake near Hwy 136", "-117.85185", "36.45806", "14734", "Mill"
"815", "", "CA", "Joshua Tree National Monument", "Joshua Tree National Park", "-115.82041", "33.74127", "36150", "Joshua Tree NP - Cottonwood"
"001", "93726", "CA", "Fresno", "3727 N. 1st Street, Ste. 104", "-119.77321", "36.78538", "10251", "Fresno - Garland"
"001", "95926", "CA", "Chico", "984 East Ave, Ste 4", "-121.84047", "39.76168", "04625", "Chico - East Avenue"
"029", "95437", "CA", "Fort Bragg", "300 Dana Street", "-123.78766", "39.43734", "23758", "Fort Bragg - 300 Dana Street"
"004", "94550", "CA", "Livermore", "13224 Patterson Pass Road", "-121.63196", "37.68961", "60342", "Patterson Pass"
"004", "94583", "CA", "San Ramon", "9885 Alcosta Blvd.", "-121.93419", "37.74367", "60341", "San Ramon - Alcosta Blvd"
"069", "93307", "CA", "Bakersfield", "2000 S. Union Ave", "-118.99990", "35.33156", "15257", "Bakersfield - Municipal Airport"
"033", "95603", "CA", "Auburn", "11645 Atwood Rd.", "-121.09959", "38.93568", "31815", "Auburn - Atwood Rd"
"033", "95648", "CA", "Lincoln", "1445 1st St.", "-121.30199", "38.88559", "31817", "Lincoln - 1445 1st St."
"815", "92239", "CA", "Joshua Tree National Monument", "", "-115.41085", "33.93983", "36151", "Joshua Tree NP - Pinto Wells"
"051", "96122", "CA", "Portola", "420 Gulling Street", "-120.47069", "39.81336", "32826", "Portola - Gulling Street"
"061", "90810", "CA", "Long Beach", "2425 Webster Ave", "-118.22000", "33.80250", "70073", "Long Beach - 2425 Webster"
"004", "95472", "CA", "Sebastopol", "103 Morris Street - Suite T", "-122.81829", "38.40377", "49891", "Sebastopol"
"033", "96145", "CA", "Tahoe City", "221 Fairway Drive", "-120.14883", "39.16602", "31819", "Tahoe City - 221 Fairway Drive"
"004", "94607", "CA", "Oakland", "E 8th Street, Parking Lot, Aisle J", "-122.26338", "37.79362", "60351", "Laney College"
"036", "92020", "CA", "El Cajon", "W. Bradley Ave & Floyd Smith Dr", "-116.96813", "32.81798", "80132", "El Cajon - Floyd Smith Drive"
"036", "92011", "CA", "Carlsbad", "2192 Palomar Airport Rd.", "-117.27238", "33.13089", "80117", "Palomar Airport"
"011", "95018", "CA", "Felton", "7179 Hacienda Way", "-122.08309", "37.06315", "44858", "San Lorenzo Valley Middle School"
"004", "95122", "CA", "San Jose", "1007 Knox Ave", "-121.84989", "37.33820", "43385", "San Jose - Knox Ave"
"061", "92802", "CA", "Anaheim", "812 W. Vermont St", "-117.91876", "33.81931", "30031", "Anaheim - Near Road"
"041", "96080", "CA", "Red Bluff", "1834 Walnut St", "-122.25556", "40.17088", "52903", "Red Bluff - Walnut St"
"035", "93422", "CA", "Atascadero", "5599 Traffic Way", "-120.66617", "35.49453", "40848", "Atascadero Lift Station #5"
"036", "92173", "CA", "San Diego", "795 East San Ysidro Blvd", "-117.02903", "32.54348", "80143", "San Ysidro"
"035", "93444", "CA", "Nipomo", "Oso Flaco Rd, corner of Beigle Rd", "-120.59998", "35.00876", "40854", "Oso Flaco Site"
"013", "95814", "CA", "Sacramento", "100 Bercut Drive", "-121.50380", "38.59332", "34279", "Sacramento - Bercut Drive"
"036", "92128", "CA", "San Diego", "11403 Rancho Carmel Drive", "-117.08218", "32.98544", "80201", "San Diego - Rancho Carmel Drive"
"061", "90806", "CA", "Long Beach", "5895 Long Beach Blvd", "-118.20028", "33.85944", "70032", "Long Beach - Route 710 Near Road"
"061", "91761", "CA", "Ontario", "2330 S. Castle Harbour", "-117.61722", "34.03083", "36036", "Ontario - Route 60 Near Road"
"061", "91764", "CA", "Ontario", "NW Corner of Interstate 10 & Etiwanda Ave", "-117.52671", "34.06780", "36035", "Ontario - Near Road (Etiwanda)"
"004", "94070", "CA", "San Carlos", "620 Airport Drive", "-122.24629", "37.50811", "41539", "San Carlos Airport II"
"004", "95122", "CA", "San Jose", "2500 Cunningham Avenue", "-121.81544", "37.32984", "43381", "Reid Hillview Airport"
"069", "93706", "CA", "Fresno", "2482 Foundry Park Ave", "-119.77743", "36.71088", "10252", "Fresno - Foundry Park"